RiesgoNormalizado,CiudadNormalizada,MesFecha,Sector,TrabDep,TrabInd,AccTraCal
1,1,1,1,120139,45251,251
1,1,1,2,1389,5042,11
1,1,1,3,195647,6229,502
1,1,1,4,171183,13109,222
1,1,1,5,145374,10402,175
1,1,1,6,38991,442,335
1,1,1,7,3495,89,5
1,1,1,8,470806,22078,611
1,1,1,9,47286,399,57
1,1,1,17,73324,9602,211
1,1,1,17,34691,5372,103
1,1,1,17,25042,559,21
2,1,1,1,18015,863,25
2,1,1,2,24116,757,301
2,1,1,3,131172,3134,660
2,1,1,3,358,21,1
2,1,1,5,6561,261,4
2,1,1,6,60149,636,424
2,1,1,7,62134,842,261
2,1,1,8,107995,1941,540
2,1,1,8,225,3,1
2,1,1,17,16834,2483,122
2,1,1,17,10792,1941,75
2,1,1,17,69245,2383,155
3,1,1,2,3231,245,226
3,1,1,3,3974,845,195
3,1,1,3,5772,462,26
3,1,1,4,4126,356,20
3,1,1,6,7255,53,63
3,1,1,7,207977,519,1436
3,1,1,8,162898,3811,1011
3,1,1,8,73,1,0
3,1,1,8,565,448,1
3,1,1,17,24468,1568,226
3,1,1,17,97802,33127,717
3,1,1,17,36188,2429,251
4,1,1,2,282,48,24
4,1,1,3,25365,1583,140
4,1,1,3,17203,497,71
4,1,1,4,5802,141,16
4,1,1,7,31806,1129,201
4,1,1,8,193629,723,542
4,1,1,8,511,8,6
4,1,1,8,236,2,2
4,1,1,17,1314,53,13
4,1,1,17,160332,37882,899
5,1,1,1,29725,1507,186
5,1,1,2,637,13,7
5,1,1,3,3691,171,23
5,1,1,3,229712,699,1296
5,1,1,7,30235,1087,203
5,1,1,8,118091,5742,739
5,1,1,8,60037,1638,285
5,1,1,17,548,101,1
5,1,1,17,4213,1159,15
5,1,1,17,14067,160,100
1,2,1,1,20471,3682,34
1,2,1,2,1285,565,4
1,2,1,3,80326,880,184
1,2,1,4,46822,6052,75
1,2,1,5,48368,274,78
1,2,1,6,11883,49,64
1,2,1,7,4458,72,5
1,2,1,8,167383,8983,274
1,2,1,9,26081,121,47
1,2,1,17,29906,2225,81
1,2,1,17,11048,3143,31
1,2,1,17,5381,210,4
2,2,1,1,2505,1298,1
2,2,1,2,43315,606,716
2,2,1,3,41928,430,217
2,2,1,3,170,7,0
2,2,1,5,1136,19,5
2,2,1,6,22014,113,160
2,2,1,7,50542,332,231
2,2,1,8,27581,641,210
2,2,1,8,257,3,5
2,2,1,17,7865,427,40
2,2,1,17,5308,603,31
2,2,1,17,12963,256,59
3,2,1,2,7286,20,66
3,2,1,3,16391,197,115
3,2,1,3,3166,213,18
3,2,1,4,3177,68,24
3,2,1,6,1784,7,17
3,2,1,7,8723,1463,818
3,2,1,8,8,1862,62
3,2,1,8,80,0,1
3,2,1,8,63,380,1
3,2,1,17,7832,2602,65
3,2,1,17,47829,7365,389
3,2,1,17,13351,420,138
4,2,1,2,1407,81,27
4,2,1,3,9777,150,79
4,2,1,3,10608,103,75
4,2,1,4,4624,75,41
4,2,1,7,13097,147,125
4,2,1,8,33682,52,165
4,2,1,8,217,4,0
4,2,1,8,158,0,3
4,2,1,17,305,35,5
4,2,1,17,68246,3049,413
5,2,1,1,304,196,35
5,2,1,2,228,0,0
5,2,1,3,581,17,10
5,2,1,3,114644,1818,1046
5,2,1,7,10111,219,103
5,2,1,8,23385,1044,197
5,2,1,8,10323,621,166
5,2,1,17,172,32,4
5,2,1,17,1632,368,11
5,2,1,17,1395,29,7
1,3,1,1,766,646,19
1,3,1,2,209,232,0
1,3,1,3,25266,461,67
1,3,1,4,17557,643,33
1,3,1,5,5907,205,6
1,3,1,6,3956,155,11
1,3,1,7,246,3,0
1,3,1,8,64467,1741,236
1,3,1,9,3437,42,4
1,3,1,17,12602,1103,14
1,3,1,17,4419,623,11
1,3,1,17,143,424,1
2,3,1,1,367,48,0
2,3,1,2,5076,281,93
2,3,1,3,21532,164,147
2,3,1,3,69,1,1
2,3,1,5,141,52,0
2,3,1,6,5359,37,29
2,3,1,7,7058,180,32
2,3,1,8,14193,180,56
2,3,1,8,13,1,0
2,3,1,17,2704,76,29
2,3,1,17,1498,254,10
2,3,1,17,6099,398,27
3,3,1,2,361,6,5
3,3,1,3,9837,210,56
3,3,1,3,949,55,1
3,3,1,4,1267,3,6
3,3,1,6,1038,9,12
3,3,1,7,30128,472,184
3,3,1,8,33419,262,178
3,3,1,8,0,0,0
3,3,1,8,1,0,0
3,3,1,17,4375,90,18
3,3,1,17,28661,1792,166
3,3,1,17,7895,102,50
4,3,1,2,865,8,12
4,3,1,3,348,522,16
4,3,1,3,4624,184,25
4,3,1,4,3219,64,12
4,3,1,7,4893,208,38
4,3,1,8,14714,231,56
4,3,1,8,21,1,0
4,3,1,8,61,0,2
4,3,1,17,97,6,2
4,3,1,17,15895,559,87
5,3,1,1,946,1,7
5,3,1,2,96,2,1
5,3,1,3,118,33,7
5,3,1,3,59233,1313,226
5,3,1,7,1096,136,64
5,3,1,8,1385,376,49
5,3,1,8,3951,116,23
5,3,1,17,25,0,0
5,3,1,17,763,97,5
5,3,1,17,4491,19,38
1,6,1,1,3122,566,6
1,6,1,2,253,106,2
1,6,1,3,6747,87,16
1,6,1,4,3233,380,3
1,6,1,5,3901,47,6
1,6,1,6,846,3,4
1,6,1,7,69,0,0
1,6,1,8,1133,275,13
1,6,1,9,649,1,2
1,6,1,17,3992,394,3
1,6,1,17,866,45,1
1,6,1,17,215,202,0
2,6,1,1,1436,2,2
2,6,1,2,4812,54,73
2,6,1,3,3042,36,18
2,6,1,3,32,0,0
2,6,1,5,172,0,0
2,6,1,6,1963,20,8
2,6,1,7,646,5,1
2,6,1,8,2536,164,20
2,6,1,8,169,1,0
2,6,1,17,514,235,4
2,6,1,17,396,18,5
2,6,1,17,443,132,1
3,6,1,2,1315,28,6
3,6,1,3,2394,28,11
3,6,1,3,387,2,0
3,6,1,4,844,14,8
3,6,1,6,98,1,1
3,6,1,7,5543,23,30
3,6,1,8,632,19,2
3,6,1,8,19,2,0
3,6,1,8,5,0,0
3,6,1,17,503,249,1
3,6,1,17,469,1789,34
3,6,1,17,1003,106,3
4,6,1,2,1559,17,24
4,6,1,3,1333,22,8
4,6,1,3,1648,5,4
4,6,1,4,805,8,6
4,6,1,7,1156,7,11
4,6,1,8,5809,13,18
4,6,1,17,40,15,0
4,6,1,17,7252,1085,9
5,6,1,1,883,88,7
5,6,1,2,376,26,0
5,6,1,3,164,1,1
5,6,1,3,1147,297,61
5,6,1,7,796,18,4
5,6,1,8,8273,186,40
5,6,1,8,1128,11,9
5,6,1,17,39,0,1
5,6,1,17,191,67,1
5,6,1,17,142,3,0
1,4,1,1,13495,9462,63
1,4,1,2,413,1293,4
1,4,1,3,50753,1007,128
1,4,1,4,37356,1469,60
1,4,1,5,30344,1974,50
1,4,1,6,5977,93,24
1,4,1,7,1288,18,3
1,4,1,8,105775,4896,136
1,4,1,9,1077,70,18
1,4,1,17,18732,1157,45
1,4,1,17,8188,663,14
1,4,1,17,2672,60,2
2,4,1,1,218,391,5
2,4,1,2,11443,254,102
2,4,1,3,26565,1041,128
2,4,1,3,38,0,2
2,4,1,5,1308,27,1
2,4,1,6,9265,120,52
2,4,1,7,21619,192,97
2,4,1,8,33037,282,192
2,4,1,8,155,0,2
2,4,1,17,2188,604,10
2,4,1,17,2847,226,12
2,4,1,17,3096,76,13
3,4,1,2,1817,37,23
3,4,1,3,13575,321,89
3,4,1,3,2051,84,3
3,4,1,4,944,85,5
3,4,1,6,1247,6,10
3,4,1,7,46452,894,274
3,4,1,8,37357,649,304
3,4,1,8,3,0,0
3,4,1,8,6,5,0
3,4,1,17,5579,122,51
3,4,1,17,42253,7634,262
3,4,1,17,6291,122,28
4,4,1,2,818,17,114
4,4,1,3,5047,144,42
4,4,1,3,5334,125,32
4,4,1,4,1303,24,13
4,4,1,7,12453,123,96
4,4,1,8,42268,81,170
4,4,1,8,204,1,0
4,4,1,8,25,0,0
4,4,1,17,527,9,0
4,4,1,17,40107,2011,257
5,4,1,1,2454,396,17
5,4,1,2,203,21,0
5,4,1,3,115,26,5
5,4,1,3,66166,1001,348
5,4,1,7,4251,119,36
5,4,1,8,14799,365,85
5,4,1,8,670,13,12
5,4,1,17,15,16,0
5,4,1,17,1317,353,6
5,4,1,17,1041,14,4
1,5,1,1,2591,140,5
1,5,1,2,70,65,0
1,5,1,3,34,77,12
1,5,1,4,3218,320,2
1,5,1,5,342,24,0
1,5,1,6,875,12,4
1,5,1,7,37,0,0
1,5,1,8,668,138,19
1,5,1,9,740,5,1
1,5,1,17,1626,128,0
1,5,1,17,1079,16,3
1,5,1,17,364,46,2
2,5,1,1,105,11,0
2,5,1,2,1682,70,405
2,5,1,3,2013,80,14
2,5,1,3,1,0,0
2,5,1,5,103,4,0
2,5,1,6,4284,44,45
2,5,1,7,197,4,1
2,5,1,8,1322,28,5
2,5,1,8,43,1,0
2,5,1,17,159,18,1
2,5,1,17,129,10,2
2,5,1,17,592,20,2
3,5,1,2,66,0,4
3,5,1,3,1005,38,4
3,5,1,3,563,4,1
3,5,1,4,414,7,2
3,5,1,6,66,0,3
3,5,1,7,2441,89,22
3,5,1,8,1025,60,7
3,5,1,8,0,0,0
3,5,1,17,450,219,4
3,5,1,17,374,1046,26
3,5,1,17,774,63,1
4,5,1,2,389,1,5
4,5,1,3,784,14,2
4,5,1,3,671,7,1
4,5,1,4,155,0,0
4,5,1,7,1991,10,14
4,5,1,8,1457,2,6
4,5,1,8,2,0,0
4,5,1,8,12,0,1
4,5,1,17,83,8,0
4,5,1,17,4946,359,26
5,5,1,1,492,50,7
5,5,1,2,72,0,0
5,5,1,3,109,15,1
5,5,1,3,7236,75,51
5,5,1,7,874,32,9
5,5,1,8,1744,21,22
5,5,1,8,221,8,5
5,5,1,17,48,3,0
5,5,1,17,120,15,0
5,5,1,17,2221,81,18
1,1,2,1,125921,59821,336
1,1,2,2,1456,5894,12
1,1,2,3,198699,6296,432
1,1,2,4,211251,34401,482
1,1,2,5,156185,10516,229
1,1,2,6,39926,453,309
1,1,2,7,3859,88,4
1,1,2,8,476052,26797,673
1,1,2,9,48439,407,60
1,1,2,17,76732,11613,235
1,1,2,17,36171,6519,115
1,1,2,17,25279,853,31
2,1,2,1,18107,907,27
2,1,2,2,23753,776,344
2,1,2,3,132282,3317,726
2,1,2,3,409,28,0
2,1,2,5,6848,267,6
2,1,2,6,63258,629,451
2,1,2,7,63996,861,273
2,1,2,8,110484,2746,540
2,1,2,8,236,3,1
2,1,2,17,17015,2731,89
2,1,2,17,10958,2064,64
2,1,2,17,71381,243,134
3,1,2,2,31709,251,215
3,1,2,3,40014,899,205
3,1,2,3,11352,461,15
3,1,2,4,4115,403,15
3,1,2,6,9831,53,67
3,1,2,7,21302,5289,1681
3,1,2,8,161121,3987,980
3,1,2,8,111,4,0
3,1,2,8,582,419,0
3,1,2,17,25016,3201,222
3,1,2,17,9742,33382,677
3,1,2,17,39123,2458,237
4,1,2,2,3039,42,28
4,1,2,3,26053,2234,158
4,1,2,3,17297,504,76
4,1,2,4,5845,118,18
4,1,2,7,32851,115,214
4,1,2,8,193312,743,517
4,1,2,8,539,8,3
4,1,2,8,225,2,3
4,1,2,17,1394,119,18
4,1,2,17,16498,42058,916
5,1,2,1,30084,2885,266
5,1,2,2,641,16,3
5,1,2,3,3942,149,20
5,1,2,3,241418,7415,149
5,1,2,7,31596,1685,225
5,1,2,8,121372,5762,848
5,1,2,8,60406,1731,274
5,1,2,17,534,158,1
5,1,2,17,4284,1233,27
5,1,2,17,14415,493,90
1,2,2,1,20444,3697,39
1,2,2,2,1282,600,7
1,2,2,3,79901,895,196
1,2,2,4,63756,7412,114
1,2,2,5,48369,2757,76
1,2,2,6,12367,113,62
1,2,2,7,4768,74,4
1,2,2,8,166532,5948,287
1,2,2,9,26545,137,65
1,2,2,17,30968,2369,97
1,2,2,17,12157,3097,38
1,2,2,17,5524,206,7
2,2,2,1,2411,1197,6
2,2,2,2,42428,325,703
2,2,2,3,40614,315,181
2,2,2,3,160,7,0
2,2,2,5,1253,20,0
2,2,2,6,22144,99,164
2,2,2,7,50634,341,263
2,2,2,8,28621,546,173
2,2,2,8,271,2,3
2,2,2,17,8267,635,42
2,2,2,17,5821,470,39
2,2,2,17,12923,252,54
3,2,2,2,685,19,69
3,2,2,3,15487,194,137
3,2,2,3,3231,212,22
3,2,2,4,2435,9,12
3,2,2,6,1897,10,13
3,2,2,7,83406,1246,774
3,2,2,8,8149,1681,62
3,2,2,8,82,0,0
3,2,2,8,48,381,3
3,2,2,17,7522,3047,79
3,2,2,17,46807,6232,316
3,2,2,17,13787,412,143
4,2,2,2,1328,81,38
4,2,2,3,9192,154,63
4,2,2,3,10542,117,89
4,2,2,4,4548,84,43
4,2,2,7,10984,129,132
4,2,2,8,33791,53,128
4,2,2,8,114,5,1
4,2,2,8,162,0,3
4,2,2,17,273,21,3
4,2,2,17,67337,2903,386
5,2,2,1,3035,207,26
5,2,2,2,201,29,4
5,2,2,3,546,19,2
5,2,2,3,112377,1908,1129
5,2,2,7,956,214,119
5,2,2,8,2279,1136,243
5,2,2,8,10172,621,201
5,2,2,17,179,43,0
5,2,2,17,1609,372,6
5,2,2,17,1399,32,8
1,3,2,1,6873,1547,13
1,3,2,2,207,273,1
1,3,2,3,25758,478,50
1,3,2,4,21192,747,52
1,3,2,5,6188,236,3
1,3,2,6,4165,165,29
1,3,2,7,278,4,0
1,3,2,8,6337,2056,245
1,3,2,9,3479,44,3
1,3,2,17,13087,2127,21
1,3,2,17,4378,796,11
1,3,2,17,1632,401,1
2,3,2,1,372,65,0
2,3,2,2,5056,285,97
2,3,2,3,21716,155,150
2,3,2,3,149,1,0
2,3,2,5,1541,61,1
2,3,2,6,5448,50,24
2,3,2,7,7566,187,32
2,3,2,8,14513,281,60
2,3,2,8,14,1,0
2,3,2,17,2921,71,20
2,3,2,17,1578,256,10
2,3,2,17,6233,468,16
3,3,2,2,431,18,7
3,3,2,3,10024,245,36
3,3,2,3,1063,49,1
3,3,2,4,1188,0,8
3,3,2,6,1074,8,3
3,3,2,7,30762,493,210
3,3,2,8,32651,262,166
3,3,2,8,1,0,0
3,3,2,17,4598,205,16
3,3,2,17,29926,1647,164
3,3,2,17,7993,121,26
4,3,2,2,795,9,11
4,3,2,3,3705,631,17
4,3,2,3,4883,149,22
4,3,2,4,3171,65,10
4,3,2,7,4899,195,46
4,3,2,8,14862,151,47
4,3,2,8,20,1,0
4,3,2,8,60,0,0
4,3,2,17,105,10,0
4,3,2,17,16262,567,99
5,3,2,1,930,11,10
5,3,2,2,94,2,1
5,3,2,3,127,21,7
5,3,2,3,59643,1219,220
5,3,2,7,10233,139,44
5,3,2,8,14865,380,65
5,3,2,8,4017,149,23
5,3,2,17,34,3,0
5,3,2,17,754,102,8
5,3,2,17,4643,25,43
1,4,2,1,13623,14396,71
1,4,2,2,427,116,1
1,4,2,3,5095,891,134
1,4,2,4,41902,2261,110
1,4,2,5,30618,2194,35
1,4,2,6,5853,88,19
1,4,2,7,1384,27,5
1,4,2,8,111743,5152,192
1,4,2,9,9632,63,14
1,4,2,17,19179,1361,55
1,4,2,17,849,724,28
1,4,2,17,3001,63,1
2,4,2,1,223,427,6
2,4,2,2,11396,243,104
2,4,2,3,26707,1081,200
2,4,2,3,41,0,0
2,4,2,5,1368,29,0
2,4,2,6,9527,126,57
2,4,2,7,22834,206,102
2,4,2,8,33396,350,221
2,4,2,8,194,0,1
2,4,2,17,6407,1031,6
2,4,2,17,4244,232,11
2,4,2,17,3208,77,33
3,4,2,2,1864,61,16
3,4,2,3,14664,310,116
3,4,2,3,2264,89,6
3,4,2,4,955,95,6
3,4,2,6,1431,7,8
3,4,2,7,47955,973,285
3,4,2,8,37261,699,339
3,4,2,8,3,0,0
3,4,2,8,6,5,0
3,4,2,17,5819,1385,51
3,4,2,17,47022,7641,266
3,4,2,17,5802,119,32
4,4,2,2,8071,26,140
4,4,2,3,5211,188,52
4,4,2,3,7269,108,26
4,4,2,4,1338,29,10
4,4,2,7,12564,121,138
4,4,2,8,42048,86,195
4,4,2,8,213,1,1
4,4,2,8,19,1,0
4,4,2,17,547,28,7
4,4,2,17,41827,2137,252
5,4,2,1,2452,424,13
5,4,2,2,124,19,1
5,4,2,3,1166,26,16
5,4,2,3,68314,1136,389
5,4,2,7,445,114,40
5,4,2,8,15801,373,83
5,4,2,8,669,17,9
5,4,2,17,15,23,0
5,4,2,17,1365,381,8
5,4,2,17,1033,20,4
1,5,2,1,2606,245,8
1,5,2,2,71,70,1
1,5,2,3,3417,87,12
1,5,2,4,4982,585,7
1,5,2,5,349,24,0
1,5,2,6,892,10,1
1,5,2,7,34,1,0
1,5,2,8,665,185,21
1,5,2,9,797,5,0
1,5,2,17,1819,212,6
1,5,2,17,1209,150,3
1,5,2,17,366,76,2
2,5,2,1,104,13,0
2,5,2,2,16862,64,426
2,5,2,3,2021,82,10
2,5,2,3,1,0,0
2,5,2,5,71,3,0
2,5,2,6,4258,38,34
2,5,2,7,180,5,1
2,5,2,8,1229,35,8
2,5,2,8,48,1,0
2,5,2,17,167,6,0
2,5,2,17,165,12,2
2,5,2,17,584,34,2
3,5,2,2,70,0,0
3,5,2,3,102,39,5
3,5,2,3,559,3,3
3,5,2,4,409,15,1
3,5,2,6,76,0,0
3,5,2,7,2383,100,18
3,5,2,8,1076,259,7
3,5,2,8,0,1,0
3,5,2,17,487,206,3
3,5,2,17,3424,1252,28
3,5,2,17,743,71,4
4,5,2,2,388,31,4
4,5,2,3,740,12,9
4,5,2,3,624,7,2
4,5,2,4,131,1,1
4,5,2,7,209,10,21
4,5,2,8,1458,2,10
4,5,2,8,2,0,0
4,5,2,8,3,0,0
4,5,2,17,84,8,0
4,5,2,17,5052,372,16
5,5,2,1,510,46,5
5,5,2,2,79,0,0
5,5,2,3,109,15,0
5,5,2,3,7435,90,51
5,5,2,7,920,27,14
5,5,2,8,1766,18,13
5,5,2,8,219,2,2
5,5,2,17,52,7,0
5,5,2,17,121,15,1
5,5,2,17,2265,99,22
1,6,2,1,3182,843,8
1,6,2,2,249,274,1
1,6,2,3,7162,86,11
1,6,2,4,4883,866,10
1,6,2,5,3763,45,5
1,6,2,6,906,6,3
1,6,2,7,73,0,0
1,6,2,8,11942,329,12
1,6,2,9,675,1,2
1,6,2,17,4443,566,9
1,6,2,17,895,99,3
1,6,2,17,215,223,0
2,6,2,1,1439,3,5
2,6,2,2,4942,32,63
2,6,2,3,3138,37,25
2,6,2,3,42,0,0
2,6,2,5,236,0,1
2,6,2,6,2499,78,9
2,6,2,7,679,5,1
2,6,2,8,258,271,13
2,6,2,8,172,1,0
2,6,2,17,526,241,3
2,6,2,17,458,17,2
2,6,2,17,466,132,0
3,6,2,2,1343,29,10
3,6,2,3,2484,27,10
3,6,2,3,413,14,1
3,6,2,4,833,14,5
3,6,2,6,91,1,0
3,6,2,7,5697,38,21
3,6,2,8,642,62,3
3,6,2,8,5,0,0
3,6,2,17,542,211,9
3,6,2,17,4699,1798,40
3,6,2,17,995,109,3
4,6,2,2,1574,16,19
4,6,2,3,1351,21,7
4,6,2,3,1774,5,2
4,6,2,4,809,8,4
4,6,2,7,1187,7,14
4,6,2,8,5917,29,22
4,6,2,17,36,13,2
4,6,2,17,783,1107,20
5,6,2,1,880,85,8
5,6,2,2,295,29,1
5,6,2,3,147,1,1
5,6,2,3,12889,324,101
5,6,2,7,851,22,3
5,6,2,8,8391,221,52
5,6,2,8,1273,12,8
5,6,2,17,34,2,3
5,6,2,17,207,65,1
5,6,2,17,146,5,0
1,1,3,1,11954,67734,319
1,1,3,2,1151,6053,11
1,1,3,3,197297,638,531
1,1,3,4,209066,38115,605
1,1,3,5,155677,10515,208
1,1,3,6,3897,438,349
1,1,3,7,4098,83,4
1,1,3,8,475577,26012,661
1,1,3,9,49148,417,64
1,1,3,17,76401,12836,270
1,1,3,17,35368,6718,143
1,1,3,17,25233,1006,21
2,1,3,1,17909,945,33
2,1,3,2,2383,763,409
2,1,3,3,132531,3304,750
2,1,3,3,428,32,1
2,1,3,5,681,274,2
2,1,3,6,6314,538,443
2,1,3,7,64199,897,298
2,1,3,8,109958,2689,540
2,1,3,8,245,6,2
2,1,3,17,16787,2782,115
2,1,3,17,10985,2244,53
2,1,3,17,71488,2486,169
3,1,3,2,31928,256,218
3,1,3,3,40278,919,217
3,1,3,3,5599,456,25
3,1,3,4,4119,496,19
3,1,3,6,9947,48,88
3,1,3,7,212679,5255,1742
3,1,3,8,159937,4516,1006
3,1,3,8,131,4,1
3,1,3,8,614,432,3
3,1,3,17,25166,3132,237
3,1,3,17,92615,33833,758
3,1,3,17,38206,2771,265
4,1,3,2,2942,55,40
4,1,3,3,26335,2096,167
4,1,3,3,17062,493,85
4,1,3,4,5889,124,21
4,1,3,7,32985,1181,248
4,1,3,8,196408,758,573
4,1,3,8,542,9,4
4,1,3,8,224,2,2
4,1,3,17,1405,123,17
4,1,3,17,163803,39629,870
5,1,3,1,29755,2956,272
5,1,3,2,629,19,5
5,1,3,3,3827,155,35
5,1,3,3,239218,7302,1604
5,1,3,7,31227,1724,279
5,1,3,8,122424,5767,837
5,1,3,8,60263,1646,308
5,1,3,17,541,159,6
5,1,3,17,4094,1229,34
5,1,3,17,1438,493,91
1,1,4,1,119706,72869,313
1,1,4,2,1108,6183,11
1,1,4,3,198825,638,457
1,1,4,4,212243,3958,544
1,1,4,5,15695,10568,246
1,1,4,6,38991,476,360
1,1,4,7,3991,82,3
1,1,4,8,475351,26501,601
1,1,4,9,49334,412,62
1,1,4,17,77298,13288,254
1,1,4,17,38219,6793,142
1,1,4,17,25334,103,20
2,1,4,1,17823,951,21
2,1,4,2,24416,782,360
2,1,4,3,128713,3287,647
2,1,4,3,439,28,0
2,1,4,5,693,268,5
2,1,4,6,63349,541,480
2,1,4,7,65051,1021,300
2,1,4,8,113668,2617,488
2,1,4,8,237,6,1
2,1,4,17,17142,2835,145
2,1,4,17,11311,2133,65
2,1,4,17,74105,2502,160
3,1,4,2,33361,250,282
3,1,4,3,40608,924,190
3,1,4,3,565,416,14
3,1,4,4,4121,526,13
3,1,4,6,9184,46,87
3,1,4,7,212856,5331,1671
3,1,4,8,160395,4828,105
3,1,4,8,134,4,2
3,1,4,8,647,381,2
3,1,4,17,25737,3163,251
3,1,4,17,94227,34488,724
3,1,4,17,38915,2618,236
4,1,4,2,3029,91,38
4,1,4,3,26011,2178,152
4,1,4,3,16858,512,62
4,1,4,4,5787,126,25
4,1,4,7,33176,1163,221
4,1,4,8,197678,753,544
4,1,4,8,521,9,5
4,1,4,8,222,2,3
4,1,4,17,1383,140,19
4,1,4,17,164503,41549,899
5,1,4,1,29713,3122,250
5,1,4,2,637,18,4
5,1,4,3,3907,160,19
5,1,4,3,236749,7184,1393
5,1,4,7,32985,1885,255
5,1,4,8,122457,579,791
5,1,4,8,61125,1636,330
5,1,4,17,534,134,2
5,1,4,17,4158,1525,23
5,1,4,17,1456,519,107
1,1,5,1,119929,75161,384
1,1,5,2,1138,6609,20
1,1,5,3,19811,3602,507
1,1,5,4,208555,4194,637
1,1,5,5,156313,10813,226
1,1,5,6,38527,445,338
1,1,5,7,4003,85,6
1,1,5,8,466778,25669,712
1,1,5,9,49098,386,75
1,1,5,17,78767,13787,315
1,1,5,17,37788,678,132
1,1,5,17,2542,1023,30
2,1,5,1,1794,104,32
2,1,5,2,24552,797,410
2,1,5,3,125229,3214,743
2,1,5,3,433,21,3
2,1,5,5,6504,269,12
2,1,5,6,6124,622,482
2,1,5,7,65368,1,307
2,1,5,8,112744,2474,571
2,1,5,8,335,6,1
2,1,5,17,18104,2863,130
2,1,5,17,11288,2278,64
2,1,5,17,74779,2618,192
3,1,5,2,30187,244,207
3,1,5,3,40604,957,227
3,1,5,3,5795,397,24
3,1,5,4,4113,553,9
3,1,5,6,9174,45,83
3,1,5,7,21029,5226,182
3,1,5,8,149224,5127,1059
3,1,5,8,175,5,2
3,1,5,8,683,459,3
3,1,5,17,25722,3,262
3,1,5,17,92477,3452,844
3,1,5,17,38095,2736,285
4,1,5,2,3066,86,41
4,1,5,3,2575,2482,160
4,1,5,3,16231,673,88
4,1,5,4,5702,123,26
4,1,5,7,329,1276,253
4,1,5,8,1926,1043,556
4,1,5,8,522,10,7
4,1,5,8,222,2,1
4,1,5,17,1411,135,20
4,1,5,17,164245,41261,955
5,1,5,1,29563,342,274
5,1,5,2,457,23,4
5,1,5,3,3844,170,25
5,1,5,3,236768,7477,1716
5,1,5,7,32135,1983,297
5,1,5,8,122585,6222,936
5,1,5,8,61054,1694,307
5,1,5,17,495,163,1
5,1,5,17,421,1483,36
5,1,5,17,14327,534,114
1,1,6,1,120556,80128,299
1,1,6,2,1147,6733,12
1,1,6,3,198883,3568,471
1,1,6,4,19802,42626,454
1,1,6,5,1565,10928,193
1,1,6,6,38445,440,294
1,1,6,7,4122,80,7
1,1,6,8,468453,26053,634
1,1,6,9,49265,377,45
1,1,6,17,78889,14417,269
1,1,6,17,37921,6868,125
1,1,6,17,25659,1047,24
2,1,6,1,18074,1067,25
2,1,6,2,25505,791,351
2,1,6,3,125222,2811,530
2,1,6,3,444,25,3
2,1,6,5,6339,268,6
2,1,6,6,62087,592,363
2,1,6,7,65715,953,303
2,1,6,8,112366,2523,477
2,1,6,8,380,6,3
2,1,6,17,17376,3053,119
2,1,6,17,11494,2362,68
2,1,6,17,74961,2641,177
3,1,6,2,2946,260,231
3,1,6,3,41121,958,185
3,1,6,3,5761,405,18
3,1,6,4,4146,573,26
3,1,6,6,9344,46,72
3,1,6,7,211193,5175,1413
3,1,6,8,146314,5133,915
3,1,6,8,190,5,1
3,1,6,8,696,406,2
3,1,6,17,25999,3096,214
3,1,6,17,92517,34168,590
3,1,6,17,37121,2551,252
4,1,6,2,3075,106,26
4,1,6,3,26324,257,131
4,1,6,3,16239,846,80
4,1,6,4,5609,135,19
4,1,6,7,33708,1256,229
4,1,6,8,203613,1004,570
4,1,6,8,537,10,3
4,1,6,8,220,2,2
4,1,6,17,1447,129,19
4,1,6,17,163635,43294,822
5,1,6,1,29565,3542,264
5,1,6,2,479,25,2
5,1,6,3,3842,199,15
5,1,6,3,235804,7731,1428
5,1,6,7,31962,1947,272
5,1,6,8,121747,6118,795
5,1,6,8,62048,1696,310
5,1,6,17,502,181,5
5,1,6,17,4198,151,27
5,1,6,17,14439,528,91
1,2,3,1,21908,384,59
1,2,3,2,1262,586,11
1,2,3,3,79628,880,232
1,2,3,4,55018,7994,158
1,2,3,5,48134,1849,64
1,2,3,6,11893,117,53
1,2,3,7,4969,69,6
1,2,3,8,164658,5846,283
1,2,3,9,2673,132,47
1,2,3,17,30031,2422,113
1,2,3,17,11162,31,41
1,2,3,17,5434,206,4
2,2,3,1,2441,593,8
2,2,3,2,43421,293,756
2,2,3,3,40674,311,225
2,2,3,3,183,6,2
2,2,3,5,129,20,9
2,2,3,6,22306,104,182
2,2,3,7,50598,331,288
2,2,3,8,29222,564,208
2,2,3,8,287,2,5
2,2,3,17,829,693,38
2,2,3,17,4749,457,33
2,2,3,17,12898,270,58
3,2,3,2,6582,23,71
3,2,3,3,154,212,106
3,2,3,3,3002,249,21
3,2,3,4,243,25,16
3,2,3,6,205,11,23
3,2,3,7,82956,912,844
3,2,3,8,7029,1736,56
3,2,3,8,79,0,1
3,2,3,8,51,646,0
3,2,3,17,7338,3147,61
3,2,3,17,38343,6423,328
3,2,3,17,13691,380,137
4,2,3,2,1324,72,35
4,2,3,3,8998,148,66
4,2,3,3,9992,120,76
4,2,3,4,4555,67,37
4,2,3,7,10941,127,120
4,2,3,8,33903,54,153
4,2,3,8,115,5,1
4,2,3,8,171,0,3
4,2,3,17,265,17,2
4,2,3,17,66788,2156,408
5,2,3,1,2809,214,24
5,2,3,2,210,29,3
5,2,3,3,552,20,6
5,2,3,3,109674,1609,1121
5,2,3,7,9344,221,124
5,2,3,8,22423,1091,249
5,2,3,8,10029,606,158
5,2,3,17,168,37,1
5,2,3,17,16,323,2
5,2,3,17,1334,36,7
1,2,4,1,22743,3895,42
1,2,4,2,1273,617,4
1,2,4,3,80118,871,203
1,2,4,4,56244,8096,140
1,2,4,5,48673,1866,78
1,2,4,6,1207,118,39
1,2,4,7,499,70,16
1,2,4,8,165706,5939,275
1,2,4,9,26744,131,45
1,2,4,17,30142,24,94
1,2,4,17,1116,311,54
1,2,4,17,5481,206,3
2,2,4,1,2387,584,3
2,2,4,2,42545,340,642
2,2,4,3,39584,338,203
2,2,4,3,177,5,0
2,2,4,5,131,19,13
2,2,4,6,22315,111,166
2,2,4,7,50495,343,247
2,2,4,8,2993,582,188
2,2,4,8,296,2,4
2,2,4,17,8339,705,51
2,2,4,17,4713,521,43
2,2,4,17,12485,253,63
3,2,4,2,6767,19,72
3,2,4,3,15271,203,106
3,2,4,3,3,247,21
3,2,4,4,2436,22,12
3,2,4,6,1698,13,19
3,2,4,7,81389,962,772
3,2,4,8,9681,1834,68
3,2,4,8,73,0,2
3,2,4,8,46,517,4
3,2,4,17,7809,3196,78
3,2,4,17,38993,6589,342
3,2,4,17,13455,374,146
4,2,4,2,1343,79,43
4,2,4,3,8827,153,79
4,2,4,3,9804,132,85
4,2,4,4,4497,64,48
4,2,4,7,11043,131,112
4,2,4,8,33475,53,178
4,2,4,8,116,5,1
4,2,4,8,147,1,0
4,2,4,17,276,18,3
4,2,4,17,67477,1965,354
5,2,4,1,2816,233,30
5,2,4,2,218,29,2
5,2,4,3,581,20,6
5,2,4,3,109665,1616,1063
5,2,4,7,9299,241,115
5,2,4,8,22342,1029,202
5,2,4,8,1007,608,168
5,2,4,17,158,146,0
5,2,4,17,1595,326,10
5,2,4,17,1308,29,8
1,2,5,1,23338,3687,61
1,2,5,2,1113,651,6
1,2,5,3,79779,896,226
1,2,5,4,54696,8349,170
1,2,5,5,48238,1976,74
1,2,5,6,11607,118,52
1,2,5,7,4992,71,14
1,2,5,8,164715,6114,340
1,2,5,9,26231,130,50
1,2,5,17,29992,2409,101
1,2,5,17,11177,3137,41
1,2,5,17,5554,217,6
2,2,5,1,2386,507,3
2,2,5,2,42068,346,788
2,2,5,3,39058,335,228
2,2,5,3,177,5,0
2,2,5,5,1237,17,7
2,2,5,6,2209,106,172
2,2,5,7,50057,329,270
2,2,5,8,29436,646,234
2,2,5,8,291,2,5
2,2,5,17,8251,706,49
2,2,5,17,4726,522,41
2,2,5,17,1252,236,75
3,2,5,2,6294,22,91
3,2,5,3,14863,201,141
3,2,5,3,288,239,21
3,2,5,4,2535,20,21
3,2,5,6,1608,11,16
3,2,5,7,81121,742,901
3,2,5,8,9668,1953,83
3,2,5,8,73,0,2
3,2,5,8,47,659,1
3,2,5,17,8043,141,96
3,2,5,17,40449,6677,382
3,2,5,17,13611,379,145
4,2,5,2,1354,67,39
4,2,5,3,8744,162,67
4,2,5,3,9461,126,80
4,2,5,4,4514,57,57
4,2,5,7,10948,134,131
4,2,5,8,34689,51,182
4,2,5,8,115,5,4
4,2,5,8,157,1,1
4,2,5,17,287,18,5
4,2,5,17,66991,2215,415
5,2,5,1,2818,260,27
5,2,5,2,176,0,1
5,2,5,3,500,17,4
5,2,5,3,110117,1577,1167
5,2,5,7,8924,238,108
5,2,5,8,2187,1039,205
5,2,5,8,10199,603,188
5,2,5,17,97,138,3
5,2,5,17,163,373,11
5,2,5,17,1257,36,13
1,2,6,1,24553,3964,43
1,2,6,2,1106,652,4
1,2,6,3,78956,884,188
1,2,6,4,50256,8508,169
1,2,6,5,49166,1971,75
1,2,6,6,11682,60,64
1,2,6,7,5058,69,10
1,2,6,8,163401,6202,256
1,2,6,9,26367,133,35
1,2,6,17,29847,2535,97
1,2,6,17,11285,3179,35
1,2,6,17,5619,214,3
2,2,6,1,2348,467,3
2,2,6,2,42033,385,727
2,2,6,3,39176,356,167
2,2,6,3,180,5,0
2,2,6,5,1261,17,4
2,2,6,6,22208,109,144
2,2,6,7,49893,345,248
2,2,6,8,2867,624,178
2,2,6,8,293,2,2
2,2,6,17,8302,692,32
2,2,6,17,473,546,28
2,2,6,17,12469,189,48
3,2,6,2,6296,23,82
3,2,6,3,15055,198,103
3,2,6,3,2889,230,23
3,2,6,4,2584,28,20
3,2,6,6,1716,10,16
3,2,6,7,81693,775,694
3,2,6,8,975,184,50
3,2,6,8,72,0,1
3,2,6,8,44,566,0
3,2,6,17,8085,3255,77
3,2,6,17,40701,6741,324
3,2,6,17,13258,392,97
4,2,6,2,1363,74,31
4,2,6,3,887,196,61
4,2,6,3,9672,132,78
4,2,6,4,4527,51,52
4,2,6,7,10924,141,83
4,2,6,8,35131,52,165
4,2,6,8,112,5,0
4,2,6,8,162,1,2
4,2,6,17,275,16,1
4,2,6,17,66946,2317,371
5,2,6,1,2858,280,15
5,2,6,2,178,1,3
5,2,6,3,509,15,3
5,2,6,3,11119,1575,1041
5,2,6,7,8957,232,130
5,2,6,8,22242,1137,191
5,2,6,8,10402,600,149
5,2,6,17,94,139,0
5,2,6,17,1615,358,9
5,2,6,17,1235,41,8
1,3,3,1,7077,2989,19
1,3,3,2,205,306,0
1,3,3,3,25653,485,62
1,3,3,4,20815,879,50
1,3,3,5,585,179,3
1,3,3,6,3944,152,15
1,3,3,7,312,4,2
1,3,3,8,62842,2002,233
1,3,3,9,3477,44,3
1,3,3,17,13491,2244,34
1,3,3,17,4393,781,7
1,3,3,17,1993,340,6
2,3,3,1,388,65,0
2,3,3,2,4961,272,93
2,3,3,3,21561,157,169
2,3,3,3,118,1,0
2,3,3,5,1599,65,1
2,3,3,6,5187,38,30
2,3,3,7,7932,190,38
2,3,3,8,14322,347,64
2,3,3,8,14,1,0
2,3,3,17,2748,106,14
2,3,3,17,1501,259,10
2,3,3,17,6519,418,27
3,3,3,2,396,23,3
3,3,3,3,9832,224,49
3,3,3,3,1085,43,6
3,3,3,4,1161,1,3
3,3,3,6,1145,9,13
3,3,3,7,29282,490,172
3,3,3,8,315,250,186
3,3,3,8,1,0,0
3,3,3,17,4541,196,16
3,3,3,17,24974,164,186
3,3,3,17,793,119,31
4,3,3,2,762,10,24
4,3,3,3,4153,620,11
4,3,3,3,4674,154,18
4,3,3,4,3134,65,18
4,3,3,7,4865,192,48
4,3,3,8,13924,145,42
4,3,3,8,27,0,1
4,3,3,8,64,0,1
4,3,3,17,112,9,0
4,3,3,17,16727,574,73
5,3,3,1,924,14,5
5,3,3,2,99,1,1
5,3,3,3,1177,27,11
5,3,3,3,59481,1139,223
5,3,3,7,10045,132,61
5,3,3,8,142,379,66
5,3,3,8,4048,147,21
5,3,3,17,31,3,1
5,3,3,17,769,96,4
5,3,3,17,47,29,34
1,3,4,1,6435,3737,20
1,3,4,2,210,319,0
1,3,4,3,2612,479,57
1,3,4,4,20666,889,63
1,3,4,5,5967,161,7
1,3,4,6,3927,145,17
1,3,4,7,313,3,0
1,3,4,8,63104,2036,241
1,3,4,9,3555,46,5
1,3,4,17,13584,2598,20
1,3,4,17,4396,435,13
1,3,4,17,223,344,1
2,3,4,1,394,81,1
2,3,4,2,4955,295,92
2,3,4,3,20457,167,141
2,3,4,3,126,1,0
2,3,4,5,1653,65,1
2,3,4,6,5054,63,28
2,3,4,7,8329,201,43
2,3,4,8,14279,373,69
2,3,4,8,13,1,0
2,3,4,17,2946,67,24
2,3,4,17,1566,267,9
2,3,4,17,6471,402,13
3,3,4,2,397,29,4
3,3,4,3,8941,226,33
3,3,4,3,1062,34,3
3,3,4,4,114,3,7
3,3,4,6,1032,5,8
3,3,4,7,29545,520,207
3,3,4,8,30242,280,172
3,3,4,8,1,0,0
3,3,4,17,4576,214,22
3,3,4,17,26176,1727,161
3,3,4,17,7911,127,28
4,3,4,2,769,10,10
4,3,4,3,3623,631,16
4,3,4,3,4662,154,38
4,3,4,4,312,63,11
4,3,4,7,4907,199,33
4,3,4,8,13841,150,41
4,3,4,8,28,0,0
4,3,4,8,23,0,1
4,3,4,17,114,6,0
4,3,4,17,17222,558,108
5,3,4,1,925,13,7
5,3,4,2,98,1,1
5,3,4,3,1309,25,3
5,3,4,3,57917,1161,234
5,3,4,7,10104,145,41
5,3,4,8,14121,375,46
5,3,4,8,4161,114,32
5,3,4,17,26,2,0
5,3,4,17,763,95,5
5,3,4,17,4685,43,35
1,3,5,1,6496,4143,27
1,3,5,2,203,339,0
1,3,5,3,25832,487,61
1,3,5,4,2069,956,55
1,3,5,5,5898,180,15
1,3,5,6,3955,137,18
1,3,5,7,303,3,0
1,3,5,8,53241,2211,258
1,3,5,9,3505,49,4
1,3,5,17,13362,2365,28
1,3,5,17,4325,441,10
1,3,5,17,2433,332,3
2,3,5,1,371,76,3
2,3,5,2,4906,345,117
2,3,5,3,11288,155,154
2,3,5,3,117,1,0
2,3,5,5,1666,82,2
2,3,5,6,5097,41,34
2,3,5,7,829,206,53
2,3,5,8,14273,402,69
2,3,5,8,14,1,0
2,3,5,17,283,89,24
2,3,5,17,1557,291,6
2,3,5,17,6342,376,27
3,3,5,2,392,19,6
3,3,5,3,8948,275,32
3,3,5,3,1029,48,3
3,3,5,4,1113,3,3
3,3,5,6,104,12,8
3,3,5,7,28805,506,227
3,3,5,8,29914,278,175
3,3,5,8,1,6,0
3,3,5,17,4482,232,15
3,3,5,17,26411,1907,198
3,3,5,17,7806,121,40
4,3,5,2,726,10,11
4,3,5,3,3936,672,23
4,3,5,3,4442,140,20
4,3,5,4,2876,66,12
4,3,5,7,4854,184,55
4,3,5,8,13307,172,62
4,3,5,8,28,0,0
4,3,5,8,24,0,0
4,3,5,17,116,5,1
4,3,5,17,17419,549,108
5,3,5,1,928,12,7
5,3,5,2,99,1,1
5,3,5,3,1282,19,4
5,3,5,3,58615,125,284
5,3,5,7,9881,152,66
5,3,5,8,14279,384,76
5,3,5,8,4175,107,24
5,3,5,17,14,2,0
5,3,5,17,758,99,10
5,3,5,17,4523,68,34
1,3,6,1,6627,4419,24
1,3,6,2,202,352,1
1,3,6,3,29404,490,68
1,3,6,4,19978,904,43
1,3,6,5,6124,189,6
1,3,6,6,3985,131,14
1,3,6,7,300,4,0
1,3,6,8,53132,215,133
1,3,6,9,349,50,6
1,3,6,17,32053,238,236
1,3,6,17,4342,422,14
1,3,6,17,2469,298,2
2,3,6,1,373,86,1
2,3,6,2,4873,341,97
2,3,6,3,11123,150,59
2,3,6,3,122,1,0
2,3,6,5,1683,82,3
2,3,6,6,4987,70,28
2,3,6,7,8464,205,32
2,3,6,8,14492,315,60
2,3,6,8,13,1,0
2,3,6,17,2773,140,20
2,3,6,17,1602,295,15
2,3,6,17,6529,376,17
3,3,6,2,397,18,8
3,3,6,3,8874,267,40
3,3,6,3,947,43,3
3,3,6,4,1069,3,4
3,3,6,6,109,6,6
3,3,6,7,28029,449,172
3,3,6,8,29961,304,183
3,3,6,8,1,6,0
3,3,6,17,452,216,15
3,3,6,17,26954,1895,209
3,3,6,17,7799,136,26
4,3,6,2,623,10,10
4,3,6,3,4057,414,8
4,3,6,3,4596,174,20
4,3,6,4,2849,62,4
4,3,6,7,4764,187,39
4,3,6,8,13338,193,42
4,3,6,8,22,0,0
4,3,6,8,24,2,0
4,3,6,17,120,6,2
4,3,6,17,17312,583,91
5,3,6,1,940,14,8
5,3,6,2,95,1,1
5,3,6,3,1188,31,4
5,3,6,3,60377,1087,234
5,3,6,7,9702,187,50
5,3,6,8,13881,436,59
5,3,6,8,4189,112,21
5,3,6,17,15,3,0
5,3,6,17,759,100,3
5,3,6,17,4339,74,45
1,4,3,1,13508,14442,80
1,4,3,2,385,1131,1
1,4,3,3,50935,876,131
1,4,3,4,3609,2637,151
1,4,3,5,31922,2314,59
1,4,3,6,5605,86,28
1,4,3,7,1324,31,1
1,4,3,8,112676,5063,170
1,4,3,9,9716,62,13
1,4,3,17,18921,1504,63
1,4,3,17,8651,732,24
1,4,3,17,3083,74,2
2,4,3,1,2221,443,4
2,4,3,2,11473,235,90
2,4,3,3,26691,970,136
2,4,3,3,40,0,0
2,4,3,5,1453,31,1
2,4,3,6,9337,126,62
2,4,3,7,22699,192,101
2,4,3,8,32429,365,204
2,4,3,8,149,0,2
2,4,3,17,4239,113,19
2,4,3,17,2938,245,20
2,4,3,17,32,71,12
3,4,3,2,1872,63,21
3,4,3,3,14091,364,96
3,4,3,3,2395,85,9
3,4,3,4,959,63,3
3,4,3,6,1532,124,16
3,4,3,7,4752,973,293
3,4,3,8,30553,773,342
3,4,3,8,2,0,0
3,4,3,8,6,4,0
3,4,3,17,6528,553,50
3,4,3,17,42609,7641,298
3,4,3,17,6266,73,37
4,4,3,2,8144,24,130
4,4,3,3,533,233,42
4,4,3,3,7573,106,37
4,4,3,4,1343,33,9
4,4,3,7,12578,122,130
4,4,3,8,42002,72,170
4,4,3,8,210,1,4
4,4,3,8,19,1,0
4,4,3,17,551,26,3
4,4,3,17,42104,2293,229
5,4,3,1,2471,431,22
5,4,3,2,131,19,1
5,4,3,3,1095,24,6
5,4,3,3,68237,1225,390
5,4,3,7,4539,122,25
5,4,3,8,15594,352,81
5,4,3,8,714,23,4
5,4,3,17,14,16,0
5,4,3,17,1368,393,13
5,4,3,17,1014,19,5
1,4,5,1,14075,14638,83
1,4,5,2,381,1109,5
1,4,5,3,5111,1242,108
1,4,5,4,359,3121,127
1,4,5,5,32376,2443,53
1,4,5,6,5585,90,35
1,4,5,7,1383,35,0
1,4,5,8,116084,5354,196
1,4,5,9,9572,61,14
1,4,5,17,18499,1581,48
1,4,5,17,8133,765,42
1,4,5,17,3328,78,2
2,4,5,1,2317,838,2
2,4,5,2,11737,200,114
2,4,5,3,34569,814,187
2,4,5,3,47,0,0
2,4,5,5,1477,31,2
2,4,5,6,9728,191,70
2,4,5,7,24404,320,113
2,4,5,8,32962,336,210
2,4,5,8,146,0,0
2,4,5,17,2276,818,14
2,4,5,17,2954,246,21
2,4,5,17,6829,70,27
3,4,5,2,1885,60,19
3,4,5,3,15418,337,97
3,4,5,3,2848,79,14
3,4,5,4,951,44,7
3,4,5,6,155,258,20
3,4,5,7,48971,1186,324
3,4,5,8,3419,885,303
3,4,5,8,2,0,0
3,4,5,8,6,7,0
3,4,5,17,7094,145,62
3,4,5,17,43042,7771,315
3,4,5,17,6864,66,36
4,4,5,2,8168,22,117
4,4,5,3,5906,259,52
4,4,5,3,7821,94,37
4,4,5,4,1333,43,13
4,4,5,7,12914,115,147
4,4,5,8,42375,84,161
4,4,5,8,219,1,3
4,4,5,8,23,1,0
4,4,5,17,478,24,4
4,4,5,17,43375,2585,237
5,4,5,1,2504,433,22
5,4,5,2,128,13,0
5,4,5,3,1248,31,16
5,4,5,3,66196,1642,433
5,4,5,7,4616,167,38
5,4,5,8,15046,360,81
5,4,5,8,707,24,14
5,4,5,17,27,13,0
5,4,5,17,1364,372,7
5,4,5,17,171,29,10
1,4,4,1,13665,15453,90
1,4,4,2,376,1123,2
1,4,4,3,50781,1001,147
1,4,4,4,35728,2914,89
1,4,4,5,32532,2377,62
1,4,4,6,566,89,20
1,4,4,7,1389,31,2
1,4,4,8,116932,5086,181
1,4,4,9,9808,61,17
1,4,4,17,1894,1536,59
1,4,4,17,8182,757,29
1,4,4,17,3212,83,1
2,4,4,1,2238,741,4
2,4,4,2,1212,231,111
2,4,4,3,35385,877,192
2,4,4,3,46,0,0
2,4,4,5,147,30,1
2,4,4,6,1003,131,63
2,4,4,7,25112,258,114
2,4,4,8,33433,339,203
2,4,4,8,145,0,2
2,4,4,17,2583,1291,9
2,4,4,17,3012,244,19
2,4,4,17,6496,69,27
3,4,4,2,1878,58,11
3,4,4,3,15455,347,89
3,4,4,3,2678,85,13
3,4,4,4,952,105,11
3,4,4,6,1542,209,18
3,4,4,7,49862,1149,329
3,4,4,8,34569,796,267
3,4,4,8,2,0,0
3,4,4,8,6,3,0
3,4,4,17,6532,1466,62
3,4,4,17,43151,7731,291
3,4,4,17,6349,77,45
4,4,4,2,8244,23,107
4,4,4,3,599,253,52
4,4,4,3,7933,108,33
4,4,4,4,1345,40,15
4,4,4,7,12969,378,131
4,4,4,8,42479,82,161
4,4,4,8,212,1,0
4,4,4,8,24,1,0
4,4,4,17,479,25,2
4,4,4,17,43384,239,265
5,4,4,1,2477,429,21
5,4,4,2,130,17,0
5,4,4,3,1245,32,9
5,4,4,3,68124,1412,387
5,4,4,7,456,142,40
5,4,4,8,15429,369,73
5,4,4,8,702,20,7
5,4,4,17,27,15,0
5,4,4,17,1312,387,8
5,4,4,17,1573,29,12
1,4,6,1,14334,20448,72
1,4,6,2,398,1107,3
1,4,6,3,51742,1413,116
1,4,6,4,34479,318,97
1,4,6,5,32202,2456,28
1,4,6,6,5527,86,22
1,4,6,7,1437,33,2
1,4,6,8,116599,5518,169
1,4,6,9,9615,63,15
1,4,6,17,18851,1587,43
1,4,6,17,8159,811,31
1,4,6,17,331,87,2
2,4,6,1,2288,870,5
2,4,6,2,11819,220,99
2,4,6,3,3542,861,147
2,4,6,3,41,0,0
2,4,6,5,1461,31,1
2,4,6,6,9788,211,53
2,4,6,7,24545,323,98
2,4,6,8,3342,372,164
2,4,6,8,148,0,2
2,4,6,17,2354,692,11
2,4,6,17,2973,260,15
2,4,6,17,7134,69,19
3,4,6,2,1898,69,19
3,4,6,3,15526,344,87
3,4,6,3,3094,99,9
3,4,6,4,954,92,7
3,4,6,6,1607,18,18
3,4,6,7,49193,135,257
3,4,6,8,34139,1181,253
3,4,6,8,2,0,0
3,4,6,8,3,7,0
3,4,6,17,6845,2145,50
3,4,6,17,43344,8087,257
3,4,6,17,6864,63,36
4,4,6,2,8278,24,118
4,4,6,3,5972,197,44
4,4,6,3,798,103,50
4,4,6,4,1316,44,5
4,4,6,7,12825,122,112
4,4,6,8,42774,99,165
4,4,6,8,216,0,3
4,4,6,8,23,1,0
4,4,6,17,483,15,2
4,4,6,17,42968,2774,230
5,4,6,1,2481,475,23
5,4,6,2,114,14,1
5,4,6,3,1243,38,10
5,4,6,3,66719,1782,352
5,4,6,7,4621,153,22
5,4,6,8,15108,388,87
5,4,6,8,700,20,8
5,4,6,17,27,14,0
5,4,6,17,1303,371,7
5,4,6,17,1746,32,7
1,5,3,1,2587,512,6
1,5,3,2,78,97,0
1,5,3,3,3396,77,14
1,5,3,4,6364,919,10
1,5,3,5,369,24,0
1,5,3,6,898,12,4
1,5,3,7,34,1,0
1,5,3,8,6668,201,18
1,5,3,9,837,5,0
1,5,3,17,1738,308,8
1,5,3,17,1189,221,4
1,5,3,17,360,82,0
2,5,3,1,106,12,0
2,5,3,2,16766,68,440
2,5,3,3,2021,60,18
2,5,3,3,1,0,0
2,5,3,5,66,3,0
2,5,3,6,4293,12,29
2,5,3,7,174,9,0
2,5,3,8,1275,48,4
2,5,3,8,51,1,0
2,5,3,17,168,6,1
2,5,3,17,134,12,0
2,5,3,17,616,35,4
3,5,3,2,67,0,1
3,5,3,3,992,37,6
3,5,3,3,562,2,3
3,5,3,4,400,16,3
3,5,3,6,78,0,2
3,5,3,7,2348,92,13
3,5,3,8,104,289,4
3,5,3,8,0,1,0
3,5,3,17,487,192,4
3,5,3,17,3346,104,31
3,5,3,17,720,88,4
4,5,3,2,406,33,5
4,5,3,3,732,11,5
4,5,3,3,683,7,2
4,5,3,4,64,1,0
4,5,3,7,2086,16,11
4,5,3,8,145,1,8
4,5,3,8,2,0,0
4,5,3,8,0,0,0
4,5,3,17,79,8,0
4,5,3,17,5013,316,17
5,5,3,1,480,41,5
5,5,3,2,81,0,0
5,5,3,3,106,15,0
5,5,3,3,7459,101,32
5,5,3,7,921,23,14
5,5,3,8,1602,15,12
5,5,3,8,225,4,1
5,5,3,17,49,9,1
5,5,3,17,129,15,0
5,5,3,17,2122,76,13
1,5,4,1,2571,774,6
1,5,4,2,77,110,0
1,5,4,3,3482,79,16
1,5,4,4,6909,979,9
1,5,4,5,366,17,0
1,5,4,6,909,12,4
1,5,4,7,33,1,0
1,5,4,8,6574,197,10
1,5,4,9,834,5,0
1,5,4,17,1868,349,8
1,5,4,17,1142,235,3
1,5,4,17,376,127,2
2,5,4,1,108,9,2
2,5,4,2,16833,82,502
2,5,4,3,195,56,11
2,5,4,3,1,0,0
2,5,4,5,79,3,0
2,5,4,6,4162,670,46
2,5,4,7,179,10,0
2,5,4,8,1254,30,8
2,5,4,8,51,1,0
2,5,4,17,167,8,2
2,5,4,17,133,14,0
2,5,4,17,564,33,3
3,5,4,2,72,0,0
3,5,4,3,969,37,4
3,5,4,3,546,2,0
3,5,4,4,79,16,1
3,5,4,6,81,0,0
3,5,4,7,2336,111,15
3,5,4,8,115,288,3
3,5,4,8,0,2,0
3,5,4,17,467,183,3
3,5,4,17,3127,1281,30
3,5,4,17,744,99,3
4,5,4,2,412,1,6
4,5,4,3,714,11,4
4,5,4,3,625,9,1
4,5,4,4,67,1,0
4,5,4,7,2061,16,22
4,5,4,8,1455,1,5
4,5,4,8,2,0,0
4,5,4,8,0,0,0
4,5,4,17,80,3,3
4,5,4,17,5093,251,26
5,5,4,1,513,25,2
5,5,4,2,82,0,0
5,5,4,3,104,15,0
5,5,4,3,7427,144,45
5,5,4,7,863,28,9
5,5,4,8,1752,13,11
5,5,4,8,221,4,0
5,5,4,17,48,6,1
5,5,4,17,130,17,0
5,5,4,17,2126,64,15
1,5,5,1,2563,999,7
1,5,5,2,173,133,1
1,5,5,3,3281,81,11
1,5,5,4,7193,749,12
1,5,5,5,344,18,2
1,5,5,6,939,12,2
1,5,5,7,35,1,1
1,5,5,8,6502,221,11
1,5,5,9,727,5,2
1,5,5,17,1796,376,12
1,5,5,17,1124,241,4
1,5,5,17,397,133,1
2,5,5,1,108,9,3
2,5,5,2,16971,90,522
2,5,5,3,1878,130,16
2,5,5,3,1,0,0
2,5,5,5,96,3,0
2,5,5,6,4205,380,35
2,5,5,7,177,9,1
2,5,5,8,1565,66,4
2,5,5,8,51,0,0
2,5,5,17,166,8,1
2,5,5,17,130,19,0
2,5,5,17,591,33,5
3,5,5,2,70,0,1
3,5,5,3,967,39,4
3,5,5,3,559,4,3
3,5,5,4,72,16,0
3,5,5,6,75,0,0
3,5,5,7,2288,152,20
3,5,5,8,1066,307,3
3,5,5,8,0,2,0
3,5,5,17,354,179,5
3,5,5,17,3329,1303,17
3,5,5,17,764,71,4
4,5,5,2,412,1,6
4,5,5,3,733,10,7
4,5,5,3,632,7,2
4,5,5,4,60,1,0
4,5,5,7,2025,16,16
4,5,5,8,1355,2,4
4,5,5,8,2,0,0
4,5,5,8,0,0,0
4,5,5,17,76,8,0
4,5,5,17,5048,227,17
5,5,5,1,514,55,7
5,5,5,2,82,0,0
5,5,5,3,99,13,2
5,5,5,3,7358,130,49
5,5,5,7,907,35,11
5,5,5,8,1785,20,9
5,5,5,8,230,6,0
5,5,5,17,47,8,0
5,5,5,17,128,17,1
5,5,5,17,2112,68,13
1,5,6,1,2595,965,4
1,5,6,2,169,148,1
1,5,6,3,3354,77,6
1,5,6,4,604,1069,5
1,5,6,5,350,15,0
1,5,6,6,969,13,2
1,5,6,7,35,1,0
1,5,6,8,6585,219,10
1,5,6,9,736,5,1
1,5,6,17,1782,309,4
1,5,6,17,1121,245,6
1,5,6,17,413,111,3
2,5,6,1,109,9,0
2,5,6,2,16975,95,401
2,5,6,3,2096,65,21
2,5,6,3,1,0,0
2,5,6,5,134,3,0
2,5,6,6,4282,403,37
2,5,6,7,179,8,0
2,5,6,8,198,72,3
2,5,6,8,49,1,1
2,5,6,17,255,28,7
2,5,6,17,136,21,2
2,5,6,17,631,33,3
3,5,6,2,71,0,0
3,5,6,3,997,39,6
3,5,6,3,581,3,4
3,5,6,4,66,16,0
3,5,6,6,105,0,1
3,5,6,7,2146,148,17
3,5,6,8,1102,312,5
3,5,6,8,0,2,0
3,5,6,17,370,183,2
3,5,6,17,3216,1121,29
3,5,6,17,755,90,2
4,5,6,2,410,1,1
4,5,6,3,716,7,5
4,5,6,3,703,9,4
4,5,6,4,55,1,0
4,5,6,7,1983,12,11
4,5,6,8,1373,2,4
4,5,6,8,2,0,0
4,5,6,8,0,0,0
4,5,6,17,9,9,0
4,5,6,17,5027,268,15
5,5,6,1,514,55,1
5,5,6,2,87,0,0
5,5,6,3,108,17,0
5,5,6,3,7419,139,37
5,5,6,7,900,29,10
5,5,6,8,1829,24,5
5,5,6,8,245,14,0
5,5,6,17,50,10,0
5,5,6,17,133,17,0
5,5,6,17,2056,83,11
1,6,3,1,3199,1331,7
1,6,3,2,242,572,3
1,6,3,3,7246,92,16
1,6,3,4,5256,540,13
1,6,3,5,3767,38,5
1,6,3,6,922,5,2
1,6,3,7,77,0,1
1,6,3,8,11693,313,12
1,6,3,9,684,1,0
1,6,3,17,4376,658,10
1,6,3,17,868,123,2
1,6,3,17,215,203,1
2,6,3,1,1471,3,12
2,6,3,2,493,32,72
2,6,3,3,284,39,19
2,6,3,3,62,0,0
2,6,3,5,246,0,0
2,6,3,6,2584,79,18
2,6,3,7,687,5,0
2,6,3,8,2575,315,17
2,6,3,8,168,1,3
2,6,3,17,542,498,1
2,6,3,17,454,17,2
2,6,3,17,468,6,0
3,6,3,2,1332,51,8
3,6,3,3,2557,20,12
3,6,3,3,476,16,1
3,6,3,4,822,19,8
3,6,3,6,66,1,0
3,6,3,7,5828,114,35
3,6,3,8,645,47,6
3,6,3,8,5,0,0
3,6,3,17,554,179,5
3,6,3,17,4561,2517,43
3,6,3,17,973,186,3
4,6,3,2,1604,17,37
4,6,3,3,1338,15,11
4,6,3,3,1832,8,3
4,6,3,4,863,9,5
4,6,3,7,1206,9,10
4,6,3,8,6164,32,22
4,6,3,17,34,14,0
4,6,3,17,784,1093,12
5,6,3,1,876,84,1
5,6,3,2,325,27,0
5,6,3,3,112,1,0
5,6,3,3,12978,325,107
5,6,3,7,756,24,7
5,6,3,8,8529,248,51
5,6,3,8,1372,15,11
5,6,3,17,35,0,1
5,6,3,17,204,75,0
5,6,3,17,146,6,2
1,6,4,1,3957,1456,8
1,6,4,2,240,708,2
1,6,4,3,7616,95,10
1,6,4,4,4764,597,11
1,6,4,5,3782,36,3
1,6,4,6,920,5,9
1,6,4,7,75,0,0
1,6,4,8,11789,297,7
1,6,4,9,693,2,1
1,6,4,17,4398,790,12
1,6,4,17,777,124,1
1,6,4,17,213,174,2
2,6,4,1,141,3,9
2,6,4,2,5021,37,79
2,6,4,3,2711,42,21
2,6,4,3,57,0,0
2,6,4,5,255,0,0
2,6,4,6,2642,23,9
2,6,4,7,679,7,0
2,6,4,8,2692,320,23
2,6,4,8,157,1,2
2,6,4,17,505,533,2
2,6,4,17,458,17,1
2,6,4,17,398,4,1
3,6,4,2,1343,59,6
3,6,4,3,255,21,14
3,6,4,3,489,20,0
3,6,4,4,811,18,7
3,6,4,6,65,1,0
3,6,4,7,5777,131,36
3,6,4,8,683,52,9
3,6,4,8,6,1,0
3,6,4,17,544,160,5
3,6,4,17,4431,1955,33
3,6,4,17,988,190,7
4,6,4,2,142,19,20
4,6,4,3,1326,17,5
4,6,4,3,1772,10,4
4,6,4,4,857,8,3
4,6,4,7,1329,8,11
4,6,4,8,6223,32,29
4,6,4,17,35,13,0
4,6,4,17,7662,1112,19
5,6,4,1,872,84,8
5,6,4,2,441,35,0
5,6,4,3,127,0,0
5,6,4,3,13019,336,89
5,6,4,7,809,26,7
5,6,4,8,8594,246,64
5,6,4,8,1412,28,8
5,6,4,17,35,0,2
5,6,4,17,209,69,0
5,6,4,17,154,7,0
1,6,5,1,4091,155,12
1,6,5,2,246,731,1
1,6,5,3,7743,96,22
1,6,5,4,5776,881,15
1,6,5,5,3882,32,2
1,6,5,6,908,2,7
1,6,5,7,79,0,0
1,6,5,8,12425,374,10
1,6,5,9,693,2,0
1,6,5,17,4375,895,3
1,6,5,17,689,124,0
1,6,5,17,215,166,0
2,6,5,1,1386,3,11
2,6,5,2,5033,44,65
2,6,5,3,2682,43,14
2,6,5,3,51,0,0
2,6,5,5,280,0,0
2,6,5,6,2664,79,13
2,6,5,7,708,4,0
2,6,5,8,2664,309,28
2,6,5,8,160,1,3
2,6,5,17,527,558,2
2,6,5,17,467,16,1
2,6,5,17,400,5,2
3,6,5,2,1426,51,10
3,6,5,3,2621,22,12
3,6,5,3,525,11,4
3,6,5,4,800,22,9
3,6,5,6,68,1,0
3,6,5,7,6069,128,33
3,6,5,8,703,29,5
3,6,5,8,1,0,0
3,6,5,8,6,1,1
3,6,5,17,562,201,7
3,6,5,17,4547,1872,43
3,6,5,17,993,187,0
4,6,5,2,1388,19,16
4,6,5,3,1341,14,6
4,6,5,3,1812,7,3
4,6,5,4,867,9,4
4,6,5,7,1331,7,9
4,6,5,8,5962,33,15
4,6,5,17,37,13,0
4,6,5,17,8277,1132,18
5,6,5,1,873,85,4
5,6,5,2,569,42,2
5,6,5,3,142,0,0
5,6,5,3,12869,300,103
5,6,5,7,769,23,5
5,6,5,8,8861,240,69
5,6,5,8,1427,35,10
5,6,5,17,35,0,0
5,6,5,17,208,70,1
5,6,5,17,301,7,0
1,6,6,1,4233,1262,10
1,6,6,2,251,389,1
1,6,6,3,7656,94,13
1,6,6,4,5287,925,12
1,6,6,5,3759,32,9
1,6,6,6,842,3,2
1,6,6,7,80,0,0
1,6,6,8,12523,368,6
1,6,6,9,690,2,2
1,6,6,17,4612,863,6
1,6,6,17,687,104,2
1,6,6,17,212,173,1
2,6,6,1,1386,4,7
2,6,6,2,5032,42,61
2,6,6,3,2682,51,9
2,6,6,3,47,0,0
2,6,6,5,244,0,0
2,6,6,6,3022,12,8
2,6,6,7,691,5,0
2,6,6,8,234,310,18
2,6,6,8,103,1,2
2,6,6,17,578,533,3
2,6,6,17,479,11,2
2,6,6,17,401,4,0
3,6,6,2,1447,53,4
3,6,6,3,2707,21,17
3,6,6,3,509,7,0
3,6,6,4,859,19,5
3,6,6,6,78,1,1
3,6,6,7,6019,134,19
3,6,6,8,709,51,7
3,6,6,8,2,0,0
3,6,6,8,6,0,0
3,6,6,17,556,183,0
3,6,6,17,4574,2056,41
3,6,6,17,986,185,4
4,6,6,2,138,20,17
4,6,6,3,1418,15,9
4,6,6,3,1831,8,6
4,6,6,4,880,9,9
4,6,6,7,1194,7,5
4,6,6,8,607,36,11
4,6,6,17,55,18,2
4,6,6,17,8109,1153,22
5,6,6,1,904,86,7
5,6,6,2,570,43,0
5,6,6,3,143,0,0
5,6,6,3,12845,300,85
5,6,6,7,827,28,4
5,6,6,8,8609,223,50
5,6,6,8,1467,49,6
5,6,6,17,35,1,0
5,6,6,17,212,79,1
5,6,6,17,298,5,1